Capture,,,,,,,,,,,,,Library,,,,,,,,,,,,,,,,,,,,,,,
"Full Capture Id","Worker","Creation Date","Experiment Date","Batch","Robot","Protocol","Probe Set","Position on Plate","Location Room","Location","Files","Notes","Full Library Id","Worker","Creation Date","Experiment Date","Batch","Robot","Protocol","Quantity Extract","Index Set","P7 Index Id","P7 Index Sequence","P5 Index Id","P5 Index Sequence","P7 Barcode Sequence","P5 Barcode Sequence","Quantification pre-Indexing total","Quantification post-Indexing total","Efficiency Factor","Post-Indexing elution volume","External Library Id","Location Room","Location","Files","Notes"
"ARS001.A0101.TF1","Cäcilia Freund","2018-02-20 16:10:19","2017-05-30 00:00:00","Ca15_FR_2017-05-30","No","Standard 2016","1240k","F4","Modern Lab/107b (Capture)","","0","","ARS001.A0101","Marta Burri","2017-03-07 06:37:46","2017-03-07 06:37:46","MB_Li08_2017-03-07","No","UDG-half","25","P5/P7_Jen_8nt_samples","247","CTTGAGTC","370","GGTCTAGG","","","3.77E+08","4.06E+10","107.692","0","","Modern Lab/111 (Storage)","5/2","0",""
"ARS002.B0101.TF1","Cäcilia Freund","2018-02-20 16:10:19","2017-05-30 00:00:00","Ca15_FR_2017-05-30","No","Standard 2016","1240k","G4","Modern Lab/107b (Capture)","","0","","ARS002.B0101","Marta Burri","2017-03-07 06:37:46","2017-03-07 06:37:46","MB_Li08_2017-03-07","No","UDG-half","25","P5/P7_Jen_8nt_samples","262","GGATATCG","338","CCTTAACC","","","8.82E+07","6.42E+09","72.7891","0","","Modern Lab/111 (Storage)","5/2","0",""
"ARS003.B0101.TF1","Cäcilia Freund","2018-02-20 16:10:19","2017-05-30 00:00:00","Ca15_FR_2017-05-30","No","Standard 2016","1240k","H4","Modern Lab/107b (Capture)","","0","","ARS003.B0101","Marta Burri","2017-03-07 06:37:46","2017-03-07 06:37:46","MB_Li08_2017-03-07","No","UDG-half","25","P5/P7_Jen_8nt_samples","201","AACGCATC","328","CAGACCGA","","","9.99E+07","1.09E+10","109.109","0","","Modern Lab/111 (Storage)","5/2","0",""
"ARS004.A0101.TF1","Cäcilia Freund","2018-02-20 16:10:19","2017-05-30 00:00:00","Ca15_FR_2017-05-30","No","Standard 2016","1240k","A5","Modern Lab/107b (Capture)","","0","","ARS004.A0101","Marta Burri","2017-03-07 06:37:46","2017-03-07 06:37:46","MB_Li08_2017-03-07","No","UDG-half","25","P5/P7_Jen_8nt_samples","257","GCGACCTG","307","AAGACGCT","","","2.58E+08","2.44E+10","94.5736","0","","Modern Lab/111 (Storage)","5/2","0",""
"ARS005.A0101.TF1","Cäcilia Freund","2018-02-20 16:10:19","2017-05-30 00:00:00","Ca15_FR_2017-05-30","No","Standard 2016","1240k","B5","Modern Lab/107b (Capture)","","0","","ARS005.A0101","Marta Burri","2017-03-07 06:37:46","2017-03-07 06:37:46","MB_Li08_2017-03-07","No","UDG-half","25","P5/P7_Jen_8nt_samples","246","CTTCTAGC","354","GAGTTATA","","","1.17E+08","9.92E+09","84.7863","0","","Modern Lab/111 (Storage)","5/2","0",""
"ARS006.A0101.TF1","Cäcilia Freund","2018-02-20 16:10:20","2017-05-30 00:00:00","Ca15_FR_2017-05-30","No","Standard 2016","1240k","C5","Modern Lab/107b (Capture)","","0","","ARS006.A0101","Marta Burri","2017-03-07 06:37:46","2017-03-07 06:37:46","MB_Li08_2017-03-07","No","UDG-half","25","P5/P7_Jen_8nt_samples","255","GCCTAACT","382","TCCTATCC","","","1.00E+08","8.41E+09","84.1","0","","Modern Lab/111 (Storage)","5/2","0",""
"ARS007.B0101.TF1","Cäcilia Freund","2018-02-20 16:10:20","2017-05-30 00:00:00","Ca15_FR_2017-05-30","No","Standard 2016","1240k","D5","Modern Lab/107b (Capture)","","0","","ARS007.B0101","Marta Burri","2017-03-07 06:37:46","2017-03-07 06:37:46","MB_Li08_2017-03-07","No","UDG-half","25","P5/P7_Jen_8nt_samples","275","TACGGTAC","386","TCTGATAA","","","1.68E+08","1.61E+10","95.8333","0","","Modern Lab/111 (Storage)","5/2","0",""
"ARS008.A0101.TF1","Cäcilia Freund","2018-02-20 16:10:20","2017-05-30 00:00:00","Ca15_FR_2017-05-30","No","Standard 2016","1240k","E5","Modern Lab/107b (Capture)","","0","","ARS008.A0101","Marta Burri","2017-03-07 06:37:46","2017-03-07 06:37:46","MB_Li08_2017-03-07","No","UDG-half","25","P5/P7_Jen_8nt_samples","233","CGCCGACC","396","TTCTTGGC","","","1.34E+08","9.81E+09","73.209","0","","Modern Lab/111 (Storage)","5/2","0",""
"ARS009.A0101.TF1","Cäcilia Freund","2018-02-20 16:10:20","2017-05-30 00:00:00","Ca15_FR_2017-05-30","No","Standard 2016","1240k","F5","Modern Lab/107b (Capture)","","0","","ARS009.A0101","Marta Burri","2017-03-07 06:37:46","2017-03-07 06:37:46","MB_Li08_2017-03-07","No","UDG-half","25","P5/P7_Jen_8nt_samples","211","AAGCAATA","345","CTATGGTA","","","6.53E+07","5.85E+09","89.5865","0","","Modern Lab/111 (Storage)","5/2","0",""
"ARS011.A0101.TF1","Cäcilia Freund","2018-02-20 16:10:20","2017-05-30 00:00:00","Ca15_FR_2017-05-30","No","Standard 2016","1240k","G5","Modern Lab/107b (Capture)","","0","","ARS011.A0101","Marta Burri","2017-03-07 06:37:46","2017-03-07 06:37:46","MB_Li08_2017-03-07","No","UDG-half","25","P5/P7_Jen_8nt_samples","212","AATAAGGA","388","TGCGTTAG","","","1.11E+09","9.41E+10","84.7748","0","","Modern Lab/111 (Storage)","5/2","0",""
"ARS012.A0101.TF1","Cäcilia Freund","2018-02-20 16:10:20","2017-05-30 00:00:00","Ca15_FR_2017-05-30","No","Standard 2016","1240k","H5","Modern Lab/107b (Capture)","","0","","ARS012.A0101","Marta Burri","2017-03-07 06:37:46","2017-03-07 06:37:46","MB_Li08_2017-03-07","No","UDG-half","25","P5/P7_Jen_8nt_samples","216","AGAACGAC","325","CAACCTTC","","","5.58E+08","3.83E+10","68.638","0","","Modern Lab/111 (Storage)","5/2","0",""
"ARS013.A0101.TF1","Cäcilia Freund","2018-02-20 16:10:20","2017-05-30 00:00:00","Ca15_FR_2017-05-30","No","Standard 2016","1240k","A6","Modern Lab/107b (Capture)","","0","","ARS013.A0101","Marta Burri","2017-03-07 06:37:46","2017-03-07 06:37:46","MB_Li08_2017-03-07","No","UDG-half","25","P5/P7_Jen_8nt_samples","237","CGTAGGCA","361","GCGGTAGA","","","1.19E+09","8.81E+10","74.0336","0","","Modern Lab/111 (Storage)","5/2","0",""
"ARS014.B0101.TF1","Cäcilia Freund","2018-02-20 16:10:20","2017-05-30 00:00:00","Ca15_FR_2017-05-30","No","Standard 2016","1240k","B6","Modern Lab/107b (Capture)","","0","","ARS014.B0101","Marta Burri","2017-03-07 06:37:46","2017-03-07 06:37:46","MB_Li08_2017-03-07","No","UDG-half","25","P5/P7_Jen_8nt_samples","228","CAGTTGCC","351","GAATATTC","","","2.51E+08","1.92E+10","76.494","0","","Modern Lab/111 (Storage)","5/2","0",""
"ARS015.A0101.TF1","Cäcilia Freund","2018-02-20 16:10:20","2017-05-30 00:00:00","Ca15_FR_2017-05-30","No","Standard 2016","1240k","C6","Modern Lab/107b (Capture)","","0","","ARS015.A0101","Marta Burri","2017-03-07 06:37:46","2017-03-07 06:37:46","MB_Li08_2017-03-07","No","UDG-half","25","P5/P7_Jen_8nt_samples","287","TCGGAACG","372","GTATATAG","","","1.96E+08","1.56E+10","79.5918","0","","Modern Lab/111 (Storage)","5/2","0",""
"ARS016.A0101.TF1","Cäcilia Freund","2018-02-20 16:10:20","2017-05-30 00:00:00","Ca15_FR_2017-05-30","No","Standard 2016","1240k","D6","Modern Lab/107b (Capture)","","0","","ARS016.A0101","Marta Burri","2017-03-07 06:37:46","2017-03-07 06:37:46","MB_Li08_2017-03-07","No","UDG-half","25","P5/P7_Jen_8nt_samples","221","ATATAGGA","389","TGCTTCGT","","","2.97E+08","2.79E+10","93.9394","0","","Modern Lab/111 (Storage)","5/2","0",""
"ARS017.A0101.TF1","Cäcilia Freund","2018-02-20 16:10:20","2017-05-30 00:00:00","Ca15_FR_2017-05-30","No","Standard 2016","1240k","E6","Modern Lab/107b (Capture)","","0","","ARS017.A0101","Marta Burri","2017-03-07 06:37:46","2017-03-07 06:37:46","MB_Li08_2017-03-07","No","UDG-half","25","P5/P7_Jen_8nt_samples","264","GGCCAGTA","390","TGGCCGGC","","","4.14E+08","3.15E+10","76.087","0","","Modern Lab/111 (Storage)","5/2","0",""
"ARS018.A0101.TF1","Cäcilia Freund","2018-02-20 16:10:20","2017-05-30 00:00:00","Ca15_FR_2017-05-30","No","Standard 2016","1240k","F6","Modern Lab/107b (Capture)","","0","","ARS018.A0101","Marta Burri","2017-03-07 06:37:46","2017-03-07 06:37:46","MB_Li08_2017-03-07","No","UDG-half","25","P5/P7_Jen_8nt_samples","244","CTGATTGA","375","GTTCGCAG","","","3.30E+08","3.00E+10","90.9091","0","","Modern Lab/111 (Storage)","5/2","0",""
"ARS024.A0101.TF1","Cäcilia Freund","2018-02-20 16:10:20","2017-05-30 00:00:00","Ca15_FR_2017-05-30","No","Standard 2016","1240k","G6","Modern Lab/107b (Capture)","","0","","ARS024.A0101","Marta Burri","2017-03-07 06:37:46","2017-03-07 06:37:46","MB_Li08_2017-03-07","No","UDG-half","25","P5/P7_Jen_8nt_samples","265","GGCGCGTC","365","GGATTAAT","","","5.72E+07","5.51E+09","96.3287","0","","Modern Lab/111 (Storage)","5/2","0",""
"ARS025.A0101.TF1","Cäcilia Freund","2018-02-20 16:10:20","2017-05-30 00:00:00","Ca15_FR_2017-05-30","No","Standard 2016","1240k","H6","Modern Lab/107b (Capture)","","0","","ARS025.A0101","Marta Burri","2017-03-07 06:37:46","2017-03-07 06:37:46","MB_Li08_2017-03-07","No","UDG-half","25","P5/P7_Jen_8nt_samples","296","TTCGTCGG","347","CTCTAACG","","","7.27E+07","7.37E+09","101.376","0","","Modern Lab/111 (Storage)","5/2","0",""
"ARS026.A0101.TF1","Cäcilia Freund","2018-02-20 16:10:20","2017-05-30 00:00:00","Ca15_FR_2017-05-30","No","Standard 2016","1240k","A7","Modern Lab/107b (Capture)","","0","","ARS026.A0101","Marta Burri","2017-03-07 06:37:46","2017-03-07 06:37:46","MB_Li08_2017-03-07","No","UDG-half","25","P5/P7_Jen_8nt_samples","293","TGCTCTTC","323","ATGGCCTA","","","5.38E+08","5.01E+10","93.1227","0","","Modern Lab/111 (Storage)","5/2","0",""
"CAB007.A0101.TF3","Cäcilia Freund","2018-02-20 16:10:19","2017-05-30 00:00:00","Ca15_FR_2017-05-30","No","Standard 2016","1240k","H12","Modern Lab/107b (Capture)","","0","","CAB007.A0101","Cäcilia Freund","2018-02-20 15:16:50","2018-02-20 15:16:50","","No","Capture Blank","0","P5/P7_Jen_8nt_samples","","","","","","","","","0","0","","","","0",""
"EFE002.A0102.TF1","Cäcilia Freund","2018-02-20 16:10:20","2017-05-30 00:00:00","Ca15_FR_2017-05-30","No","Standard 2016","1240k","A10","Modern Lab/107b (Capture)","","0","","EFE002.A0102","Kathrin Nägele","2017-05-11 22:24:34","2017-05-11 22:24:34","Li01_NA_2017-05-11","No","UDG-half","30","P5/P7_Jen_8nt_samples","253","GCATGGCG","319","ATAGATCG","","","","","0","0","","","","0",""
"EFE003.A0102.TF1","Cäcilia Freund","2018-02-20 16:10:20","2017-05-30 00:00:00","Ca15_FR_2017-05-30","No","Standard 2016","1240k","B10","Modern Lab/107b (Capture)","","0","","EFE003.A0102","Kathrin Nägele","2017-05-15 16:33:07","2017-05-15 16:33:07","Li01_NA_2017-05-11","No","UDG-half","25","P5/P7_Jen_8nt_samples","204","AACGGCGC","342","CGGAGGTC","","","","","0","0","","","","0",""
"EFE005.A0102.TF1","Cäcilia Freund","2018-02-20 16:10:20","2017-05-30 00:00:00","Ca15_FR_2017-05-30","No","Standard 2016","1240k","C10","Modern Lab/107b (Capture)","","0","","EFE005.A0102","Kathrin Nägele","2017-05-15 16:21:28","2017-05-15 16:21:28","Li01_NA_2017-05-11","No","Non-UDG","30","P5/P7_Jen_8nt_samples","270","GTACGAGC","337","CCTGGCCA","","","","","0","0","","","","0",""
"EXB016.A0301.TF1","Cäcilia Freund","2018-02-20 16:10:20","2017-05-30 00:00:00","Ca15_FR_2017-05-30","No","Standard 2016","1240k","F12","Modern Lab/107b (Capture)","","0","","EXB016.A0301","Marta Burri","2017-03-07 06:37:46","2017-03-07 06:37:46","MB_Li08_2017-03-07","No","UDG-half","25","P5/P7_Jen_8nt_samples","260","GCTTCCGA","353","GAGCAAGG","","","1.19E+06","9.14E+06","7.68067","0","","Modern Lab/111 (Storage)","5/2","0",""
"FUT001.A0102.TF1","Cäcilia Freund","2018-02-20 16:10:20","2017-05-30 00:00:00","Ca15_FR_2017-05-30","No","Standard 2016","1240k","D10","Modern Lab/107b (Capture)","","0","","FUT001.A0102","Kathrin Nägele","2017-05-15 16:24:32","2017-05-15 16:24:32","Li01_NA_2017-05-11","No","Non-UDG","30","P5/P7_Jen_8nt_samples","276","TAGTATCT","326","CAACGCAG","","","","","0","0","","","","0",""
"FUT002.A0102.TF1","Cäcilia Freund","2018-02-20 16:10:20","2017-05-30 00:00:00","Ca15_FR_2017-05-30","No","Standard 2016","1240k","E10","Modern Lab/107b (Capture)","","0","","FUT002.A0102","Kathrin Nägele","2017-05-15 16:34:10","2017-05-15 16:34:10","Li01_NA_2017-05-11","No","UDG-half","25","P5/P7_Jen_8nt_samples","293","TGCTCTTC","312","AGAACGAC","","","","","0","0","","","","0",""
"FUT006.A0102.TF1","Cäcilia Freund","2018-02-20 16:10:20","2017-05-30 00:00:00","Ca15_FR_2017-05-30","No","Standard 2016","1240k","F10","Modern Lab/107b (Capture)","","0","","FUT006.A0102","Kathrin Nägele","2017-05-15 16:35:26","2017-05-15 16:35:26","Li01_NA_2017-05-11","No","UDG-half","25","P5/P7_Jen_8nt_samples","200","AACGATAG","335","CCTGAGCT","","","","","0","0","","","","0",""
"FUT007.A0102.TF1","Cäcilia Freund","2018-02-20 16:10:20","2017-05-30 00:00:00","Ca15_FR_2017-05-30","No","Standard 2016","1240k","G10","Modern Lab/107b (Capture)","","0","","FUT007.A0102","Kathrin Nägele","2017-05-15 16:36:08","2017-05-15 16:36:08","Li01_NA_2017-05-11","No","UDG-half","25","P5/P7_Jen_8nt_samples","216","AGAACGAC","339","CGAACCTT","","","","","0","0","","","","0",""
"LIB008.A0108.TF1","Cäcilia Freund","2018-02-20 16:10:20","2017-05-30 00:00:00","Ca15_FR_2017-05-30","No","Standard 2016","1240k","F12","Modern Lab/107b (Capture)","","0","","LIB008.A0108","Marta Burri","2017-01-06 09:44:07","2017-03-07 00:00:00","MB_Li08_2017-03-07","No","UDG-half","25","P5/P7_Jen_8nt_samples","220","ATAACCTT","381","TCCATGAA","","","2.57E+06","9.63E+06","3.74708","0","","Modern Lab/111 (Storage)","5/2","0",""
"LIB009.A0106.TF1","Cäcilia Freund","2018-02-20 16:10:20","2017-05-30 00:00:00","Ca15_FR_2017-05-30","No","Standard 2016","1240k","F12","Modern Lab/107b (Capture)","","0","","LIB009.A0106","Kathrin Nägele","2017-05-15 16:31:45","2017-05-15 16:31:45","Li01_NA_2017-05-11","No","UDG-half","0","P5/P7_Jen_8nt_samples","252","GCAATGAG","396","TTCTTGGC","","","","","0","0","","","","0",""
"MAL001.A0102.TF1","Cäcilia Freund","2018-02-20 16:10:20","2017-05-30 00:00:00","Ca15_FR_2017-05-30","No","Standard 2016","1240k","H10","Modern Lab/107b (Capture)","","0","","MAL001.A0102","Kathrin Nägele","2017-05-15 16:25:34","2017-05-15 16:25:34","Li01_NA_2017-05-11","No","Non-UDG","30","P5/P7_Jen_8nt_samples","275","TACGGTAC","384","TCGCTTCC","","","","","0","0","","","","0",""
"MAL002.A0102.TF1","Cäcilia Freund","2018-02-20 16:10:20","2017-05-30 00:00:00","Ca15_FR_2017-05-30","No","Standard 2016","1240k","A11","Modern Lab/107b (Capture)","","0","","MAL002.A0102","Kathrin Nägele","2017-05-15 16:37:01","2017-05-15 16:37:01","Li01_NA_2017-05-11","No","UDG-half","25","P5/P7_Jen_8nt_samples","264","GGCCAGTA","308","ACCAGCGA","","","","","0","0","","","","0",""
"MAL004.A0102.TF1","Cäcilia Freund","2018-02-20 16:10:20","2017-05-30 00:00:00","Ca15_FR_2017-05-30","No","Standard 2016","1240k","B11","Modern Lab/107b (Capture)","","0","","MAL004.A0102","Kathrin Nägele","2017-05-15 16:37:42","2017-05-15 16:37:42","Li01_NA_2017-05-11","No","UDG-half","25","P5/P7_Jen_8nt_samples","223","ATGCTTAG","313","AGAAGCAT","","","","","0","0","","","","0",""
"MAL006.A0102.TF1","Cäcilia Freund","2018-02-20 16:10:20","2017-05-30 00:00:00","Ca15_FR_2017-05-30","No","Standard 2016","1240k","C11","Modern Lab/107b (Capture)","","0","","MAL006.A0102","Kathrin Nägele","2017-05-15 16:27:03","2017-05-15 16:27:03","Li01_NA_2017-05-11","No","Non-UDG","30","P5/P7_Jen_8nt_samples","204","AACGGCGC","334","CCGCCTAC","","","","","0","0","","","","0",""
"MAL006.A0103.TF1","Cäcilia Freund","2018-02-20 16:10:20","2017-05-30 00:00:00","Ca15_FR_2017-05-30","No","Standard 2016","1240k","D11","Modern Lab/107b (Capture)","","0","","MAL006.A0103","Kathrin Nägele","2017-05-15 16:27:32","2017-05-15 16:27:32","Li01_NA_2017-05-11","No","Non-UDG","30","P5/P7_Jen_8nt_samples","284","TCCTGAGA","332","CCAATGGT","","","","","0","0","","","","0",""
"MAL007.A0102.TF1","Cäcilia Freund","2018-02-20 16:10:20","2017-05-30 00:00:00","Ca15_FR_2017-05-30","No","Standard 2016","1240k","E11","Modern Lab/107b (Capture)","","0","","MAL007.A0102","Kathrin Nägele","2017-05-15 16:38:28","2017-05-15 16:38:28","Li01_NA_2017-05-11","No","UDG-half","25","P5/P7_Jen_8nt_samples","237","CGTAGGCA","342","CGGAGGTC","","","","","0","0","","","","0",""
"MAL008.A0102.TF1","Cäcilia Freund","2018-02-20 16:10:20","2017-05-30 00:00:00","Ca15_FR_2017-05-30","No","Standard 2016","1240k","F11","Modern Lab/107b (Capture)","","0","","MAL008.A0102","Kathrin Nägele","2017-05-15 16:28:28","2017-05-15 16:28:28","Li01_NA_2017-05-11","No","Non-UDG","30","P5/P7_Jen_8nt_samples","211","AAGCAATA","394","TTCCTAAC","","","","","0","0","","","","0",""
"MAL008.A0103.TF1","Cäcilia Freund","2018-02-20 16:10:20","2017-05-30 00:00:00","Ca15_FR_2017-05-30","No","Standard 2016","1240k","G11","Modern Lab/107b (Capture)","","0","","MAL008.A0103","Kathrin Nägele","2017-05-15 16:29:05","2017-05-15 16:29:05","Li01_NA_2017-05-11","No","Non-UDG","30","P5/P7_Jen_8nt_samples","291","TGCAGCGA","364","GGATCGAG","","","","","0","0","","","","0",""
"SMH006.A0101.TF4","Cäcilia Freund","2018-01-27 23:49:43","2017-05-30 00:00:00","Ca15_FR_2017-05-30","No","Standard 2016","1240k","G12","Modern Lab/107b (Capture)","","0","1240k positive control","SMH006.A0101","Alissa Mittnik","2017-05-08 12:11:09","2017-05-08 12:11:09","","No","UDG","20","External","47","CAGATC","3","CCTAGGT","","","","","0","0","","","","0","ABI 140
p7 index	p7 sequence	p5 index	p5 sequence
47	CAGATC	3	CCTAGGT"
"TAN001.A0102.TF1","Cäcilia Freund","2018-02-20 16:10:20","2017-05-30 00:00:00","Ca15_FR_2017-05-30","No","Standard 2016","1240k","H11","Modern Lab/107b (Capture)","","0","","TAN001.A0102","Kathrin Nägele","2017-05-15 16:39:31","2017-05-15 16:39:31","Li01_NA_2017-05-11","No","UDG-half","25","P5/P7_Jen_8nt_samples","286","TCGCGGAT","328","CAGACCGA","","","","","0","0","","","","0",""
"TAN002.A0102.TF1","Cäcilia Freund","2018-02-20 16:10:20","2017-05-30 00:00:00","Ca15_FR_2017-05-30","No","Standard 2016","1240k","A12","Modern Lab/107b (Capture)","","0","","TAN002.A0102","Kathrin Nägele","2017-05-15 16:40:22","2017-05-15 16:40:22","Li01_NA_2017-05-11","No","UDG-half","25","P5/P7_Jen_8nt_samples","276","TAGTATCT","346","CTCATAGC","","","","","0","0","","","","0",""
"TAP003.A0102.TF1","Cäcilia Freund","2018-02-20 16:10:20","2017-05-30 00:00:00","Ca15_FR_2017-05-30","No","Standard 2016","1240k","B12","Modern Lab/107b (Capture)","","0","","TAP003.A0102","Kathrin Nägele","2017-05-15 16:41:08","2017-05-15 16:41:08","Li01_NA_2017-05-11","No","UDG-half","25","P5/P7_Jen_8nt_samples","256","GCCTTAAG","361","GCGGTAGA","","","","","0","0","","","","0",""
"TAP004.A0102.TF1","Cäcilia Freund","2018-02-20 16:10:20","2017-05-30 00:00:00","Ca15_FR_2017-05-30","No","Standard 2016","1240k","C12","Modern Lab/107b (Capture)","","0","","TAP004.A0102","Kathrin Nägele","2017-05-15 16:45:08","2017-05-15 16:45:08","Li01_NA_2017-05-11","No","UDG-half","25","P5/P7_Jen_8nt_samples","289","TCTCTCTG","347","CTCTAACG","","","","","0","0","","","","0",""
"TON001.A0102.TF1","Cäcilia Freund","2018-02-20 16:10:20","2017-05-30 00:00:00","Ca15_FR_2017-05-30","No","Standard 2016","1240k","D12","Modern Lab/107b (Capture)","","0","","TON001.A0102","Kathrin Nägele","2017-05-15 16:30:17","2017-05-15 16:30:17","Li01_NA_2017-05-11","No","Non-UDG","30","P5/P7_Jen_8nt_samples","222","ATGACTGC","385","TCTAGAGG","","","","","0","0","","","","0",""
"TON002.A0102.TF1","Cäcilia Freund","2018-02-20 16:10:20","2017-05-30 00:00:00","Ca15_FR_2017-05-30","No","Standard 2016","1240k","E12","Modern Lab/107b (Capture)","","0","","TON002.A0102","Kathrin Nägele","2017-05-15 16:30:54","2017-05-15 16:30:54","Li01_NA_2017-05-11","No","Non-UDG","30","P5/P7_Jen_8nt_samples","295","TTATAACT","398","TTGATAAT","","","","","0","0","","","","0",""
"XXX001.A171677.SR1","Cäcilia Freund","2018-02-20 16:10:19","2017-05-30 00:00:00","Ca15_FR_2017-05-30","No","Standard 2016","16S-rRNA","E4","Modern Lab/107b (Capture)","","0","","XXX001.A171677","Guido Brandt","2018-02-20 15:42:57","2017-05-30 00:00:00","","No","External","0","External","72","TTCTCC","500","AACGGCGC","","","","","0","0","Column Control","","","0","Owner: Leipzig, Lukas Scheffler; Project: 16S/18S capture test"
"XXX001.A171678.SR1","Cäcilia Freund","2018-02-20 16:10:19","2017-05-30 00:00:00","Ca15_FR_2017-05-30","No","Standard 2016","16S-rRNA","E4","Modern Lab/107b (Capture)","","0","","XXX001.A171678","Guido Brandt","2018-02-20 15:42:57","2017-05-30 00:00:00","","No","External","0","External","76","CTCTGA","508","CCGGCGCA","","","","","0","0","negative control","","","0","Owner: Leipzig, Lukas Scheffler; Project: 16S/18S capture test"
"XXX001.A171679.SR1","Cäcilia Freund","2018-02-20 16:10:19","2017-05-30 00:00:00","Ca15_FR_2017-05-30","No","Standard 2016","16S-rRNA","E4","Modern Lab/107b (Capture)","","0","","XXX001.A171679","Guido Brandt","2018-02-20 15:42:57","2017-05-30 00:00:00","","No","External","0","External","78","TGCCAA","519","TTGAAGAG","","","","","0","0","Isolation Control","","","0","Owner: Leipzig, Lukas Scheffler; Project: 16S/18S capture test"
"XXX001.A17821.SR1","Cäcilia Freund","2018-02-20 16:10:19","2017-05-30 00:00:00","Ca15_FR_2017-05-30","No","Standard 2016","16S-rRNA","H1","Modern Lab/107b (Capture)","","0","","XXX001.A17821","Guido Brandt","2018-01-26 19:26:42","2017-05-30 00:00:00","","No","External","0","External","80","GATCGT","","AATCGTAG","","","","","0","0","Adipose Tissue Control","","","0","Owner: Leipzig, Lukas Scheffler; Project: 16S/18S capture test"
"XXX001.A17822.SR1","Cäcilia Freund","2018-02-20 16:10:19","2017-05-30 00:00:00","Ca15_FR_2017-05-30","No","Standard 2016","16S-rRNA","A2","Modern Lab/107b (Capture)","","0","","XXX001.A17822","Guido Brandt","2018-01-26 19:26:42","2017-05-30 00:00:00","","No","External","0","External","66","TAGTGC","","ACCAAGAT","","","","","0","0","AT+Mock 1:50","","","0","Owner: Leipzig, Lukas Scheffler; Project: 16S/18S capture test"
"XXX001.A17823.SR1","Cäcilia Freund","2018-02-20 16:10:19","2017-05-30 00:00:00","Ca15_FR_2017-05-30","No","Standard 2016","16S-rRNA","B2","Modern Lab/107b (Capture)","","0","","XXX001.A17823","Guido Brandt","2018-01-26 19:26:42","2017-05-30 00:00:00","","No","External","0","External","39","CTCTAC","199","ACTCAATT","","","","","0","0","AT+Mock 1:100","","","0","Owner: Leipzig, Lukas Scheffler; Project: 16S/18S capture test"
"XXX001.A17824.SR1","Cäcilia Freund","2018-02-20 16:10:19","2017-05-30 00:00:00","Ca15_FR_2017-05-30","No","Standard 2016","16S-rRNA","C2","Modern Lab/107b (Capture)","","0","","XXX001.A17824","Guido Brandt","2018-01-26 19:26:42","2017-05-30 00:00:00","","No","External","0","External","63","CTGGTT","504","AGAACTCT","","","","","0","0","AT+Mock 1:1,000","","","0","Owner: Leipzig, Lukas Scheffler; Project: 16S/18S capture test"
"XXX001.A17825.SR1","Cäcilia Freund","2018-02-20 16:10:19","2017-05-30 00:00:00","Ca15_FR_2017-05-30","No","Standard 2016","16S-rRNA","D2","Modern Lab/107b (Capture)","","0","","XXX001.A17825","Guido Brandt","2018-01-26 19:26:42","2017-05-30 00:00:00","","No","External","0","External","70","TACGAC","134","AGAGTAGA","","","","","0","0","AT+Mock 1:10,000","","","0","Owner: Leipzig, Lukas Scheffler; Project: 16S/18S capture test"
"XXX001.A17826.SR1","Cäcilia Freund","2018-02-20 16:10:19","2017-05-30 00:00:00","Ca15_FR_2017-05-30","No","Standard 2016","16S-rRNA","E2","Modern Lab/107b (Capture)","","0","","XXX001.A17826","Guido Brandt","2018-01-26 19:26:42","2017-05-30 00:00:00","","No","External","0","External","74","TGACTC","","CAACTCGT","","","","","0","0","AT+Mock 1:100,000","","","0","Owner: Leipzig, Lukas Scheffler; Project: 16S/18S capture test"
"XXX001.A17827.SR1","Cäcilia Freund","2018-02-20 16:10:19","2017-05-30 00:00:00","Ca15_FR_2017-05-30","No","Standard 2016","16S-rRNA","F2","Modern Lab/107b (Capture)","","0","","XXX001.A17827","Guido Brandt","2018-01-26 19:26:42","2017-05-30 00:00:00","","No","External","0","External","P7_Jen_8nt_0211","AAGCAC","111","CAGTCCTG","","","","","0","0","AT+Mock 1:1,000,000","","","0","Owner: Leipzig, Lukas Scheffler; Project: 16S/18S capture test"
"XXX001.A17828.SR1","Cäcilia Freund","2018-02-20 16:10:19","2017-05-30 00:00:00","Ca15_FR_2017-05-30","No","Standard 2016","16S-rRNA","G2","Modern Lab/107b (Capture)","","0","","XXX001.A17828","Guido Brandt","2018-01-26 19:26:42","2017-05-30 00:00:00","","No","External","0","External","1","CACTGT","4","CTCGTTCC","","","","","0","0","patient 1 blood","","","0","Owner: Leipzig, Lukas Scheffler; Project: 16S/18S capture test"
"XXX001.A17829.SR1","Cäcilia Freund","2018-02-20 16:10:19","2017-05-30 00:00:00","Ca15_FR_2017-05-30","No","Standard 2016","16S-rRNA","H2","Modern Lab/107b (Capture)","","0","","XXX001.A17829","Guido Brandt","2018-01-26 19:26:42","2017-05-30 00:00:00","","No","External","0","External","73","CATGCT","197","GCTATTAT","","","","","0","0","patient 2 blood","","","0","Owner: Leipzig, Lukas Scheffler; Project: 16S/18S capture test"
"XXX001.A17830.SR1","Cäcilia Freund","2018-02-20 16:10:19","2017-05-30 00:00:00","Ca15_FR_2017-05-30","No","Standard 2016","16S-rRNA","A3","Modern Lab/107b (Capture)","","0","","XXX001.A17830","Guido Brandt","2018-01-26 19:26:42","2017-05-30 00:00:00","","No","External","0","External","77","ACTGTG","24","GGAATCGT","","","","","0","0","patient 1 stool","","","0","Owner: Leipzig, Lukas Scheffler; Project: 16S/18S capture test"
"XXX001.A17831.SR1","Cäcilia Freund","2018-02-20 16:10:19","2017-05-30 00:00:00","Ca15_FR_2017-05-30","No","Standard 2016","16S-rRNA","B3","Modern Lab/107b (Capture)","","0","","XXX001.A17831","Guido Brandt","2018-01-26 19:26:42","2017-05-30 00:00:00","","No","External","0","External","75","TCTACG","313","GGATATCA","","","","","0","0","patient 2 stool","","","0","Owner: Leipzig, Lukas Scheffler; Project: 16S/18S capture test"
"XXX001.A17832.SR1","Cäcilia Freund","2018-02-20 16:10:19","2017-05-30 00:00:00","Ca15_FR_2017-05-30","No","Standard 2016","16S-rRNA","C3","Modern Lab/107b (Capture)","","0","","XXX001.A17832","Guido Brandt","2018-01-26 19:26:42","2017-05-30 00:00:00","","No","External","0","External","69","AGGCTT","","GGTTACTC","","","","","0","0","patient 1 AT","","","0","Owner: Leipzig, Lukas Scheffler; Project: 16S/18S capture test"
"XXX001.A17833.SR1","Cäcilia Freund","2018-02-20 16:10:19","2017-05-30 00:00:00","Ca15_FR_2017-05-30","No","Standard 2016","16S-rRNA","D3","Modern Lab/107b (Capture)","","0","","XXX001.A17833","Guido Brandt","2018-01-26 19:26:42","2017-05-30 00:00:00","","No","External","0","External","71","GGTCAA","","GTCTCATA","","","","","0","0","patient 2 AT","","","0","Owner: Leipzig, Lukas Scheffler; Project: 16S/18S capture test"
"XXX001.A17834.SR1","Cäcilia Freund","2018-02-20 16:10:19","2017-05-30 00:00:00","Ca15_FR_2017-05-30","No","Standard 2016","16S-rRNA","E3","Modern Lab/107b (Capture)","","0","","XXX001.A17834","Guido Brandt","2018-01-26 19:26:42","2017-05-30 00:00:00","","No","External","0","External","79","CCTTCT","156","GTTACGGC","","","","","0","0","Hepatology High 1","","","0","Owner: Leipzig, Lukas Scheffler; Project: 16S/18S capture test"
"XXX001.A17835.SR1","Cäcilia Freund","2018-02-20 16:10:19","2017-05-30 00:00:00","Ca15_FR_2017-05-30","No","Standard 2016","16S-rRNA","F3","Modern Lab/107b (Capture)","","0","","XXX001.A17835","Guido Brandt","2018-01-26 19:26:42","2017-05-30 00:00:00","","No","External","0","External","67","TGAGGT","185","TATTGAAG","","","","","0","0","Hepatology High 2","","","0","Owner: Leipzig, Lukas Scheffler; Project: 16S/18S capture test"
"XXX001.A17836.SR1","Cäcilia Freund","2018-02-20 16:10:19","2017-05-30 00:00:00","Ca15_FR_2017-05-30","No","Standard 2016","16S-rRNA","G3","Modern Lab/107b (Capture)","","0","","XXX001.A17836","Guido Brandt","2018-01-26 19:26:42","2017-05-30 00:00:00","","No","External","0","External","65","CTCACT","128","TCTCGGCC","","","","","0","0","Hepatology Low 1","","","0","Owner: Leipzig, Lukas Scheffler; Project: 16S/18S capture test"
"XXX001.A17837.SR1","Cäcilia Freund","2018-02-20 16:10:19","2017-05-30 00:00:00","Ca15_FR_2017-05-30","No","Standard 2016","16S-rRNA","H3","Modern Lab/107b (Capture)","","0","","XXX001.A17837","Guido Brandt","2018-01-26 19:26:42","2017-05-30 00:00:00","","No","External","0","External","64","TCACCA","148","TTAGTATA","","","","","0","0","Hepatology Low 2","","","0","Owner: Leipzig, Lukas Scheffler; Project: 16S/18S capture test"
"XXX001.A17838.SR1","Cäcilia Freund","2018-02-20 16:10:19","2017-05-30 00:00:00","Ca15_FR_2017-05-30","No","Standard 2016","16S-rRNA","A4","Modern Lab/107b (Capture)","","0","","XXX001.A17838","Guido Brandt","2018-01-26 19:26:42","2017-05-30 00:00:00","","No","External","0","External","39","CTCTAC","504","AGAACTCT","","","","","0","0","AT+Mock 1:50","","","0","Owner: Leipzig, Lukas Scheffler; Project: 16S/18S capture test"
"XXX001.A17839.SR1","Cäcilia Freund","2018-02-20 16:10:19","2017-05-30 00:00:00","Ca15_FR_2017-05-30","No","Standard 2016","16S-rRNA","B4","Modern Lab/107b (Capture)","","0","","XXX001.A17839","Guido Brandt","2018-01-26 19:26:42","2017-05-30 00:00:00","","No","External","0","External","75","TCTACG","507","CAGTCCTG","","","","","0","0","AT+Mock 1:50","","","0","Owner: Leipzig, Lukas Scheffler; Project: 16S/18S capture test"
"XXX001.A17840.SR1","Cäcilia Freund","2018-02-20 16:10:19","2017-05-30 00:00:00","Ca15_FR_2017-05-30","No","Standard 2016","16S-rRNA","C4","Modern Lab/107b (Capture)","","0","","XXX001.A17840","Guido Brandt","2018-01-26 19:26:42","2017-05-30 00:00:00","","No","External","0","External","65","CTCACT","510","GCTATTAT","","","","","0","0","AT+Mock 1:50","","","0","Owner: Leipzig, Lukas Scheffler; Project: 16S/18S capture test"
"XXX001.A17841.SR1","Cäcilia Freund","2018-02-20 16:10:19","2017-05-30 00:00:00","Ca15_FR_2017-05-30","No","Standard 2016","16S-rRNA","D4","Modern Lab/107b (Capture)","","0","","XXX001.A17841","Guido Brandt","2018-01-26 19:26:42","2017-05-30 00:00:00","","No","External","0","External","78","TGCCAA","513","GGTTACTC","","","","","0","0","AT+Mock 1:50","","","0","Owner: Leipzig, Lukas Scheffler; Project: 16S/18S capture test"
"XXX001.A17842.TF1","Cäcilia Freund","2018-02-20 16:10:20","2017-05-30 00:00:00","Ca15_FR_2017-05-30","No","Standard 2016","1240k","B7","Modern Lab/107b (Capture)","","0","","XXX001.A17842","Guido Brandt","2018-01-26 19:26:42","2017-05-30 00:00:00","","No","External","0","External","P7_Jen_8nt_0220","ATAACCTT","P5_Jen_8nt_0329","CATCATTA","","","","","0","0","KH150628","","","0","Owner: Kiel, Ben Krause-Kyora; Project: Niedertiefenbach"
"XXX001.A17843.TF1","Cäcilia Freund","2018-02-20 16:10:20","2017-05-30 00:00:00","Ca15_FR_2017-05-30","No","Standard 2016","1240k","B7","Modern Lab/107b (Capture)","","0","","XXX001.A17843","Guido Brandt","2018-01-26 19:26:42","2017-05-30 00:00:00","","No","External","0","External","P7_Jen_8nt_0248","CTTGCCGC","P5_Jen_8nt_0343","CGTTAATT","","","","","0","0","KH150632","","","0","Owner: Kiel, Ben Krause-Kyora; Project: Niedertiefenbach"
"XXX001.A17844.TF1","Cäcilia Freund","2018-02-20 16:10:20","2017-05-30 00:00:00","Ca15_FR_2017-05-30","No","Standard 2016","1240k","C7","Modern Lab/107b (Capture)","","0","","XXX001.A17844","Guido Brandt","2018-01-26 19:26:42","2017-05-30 00:00:00","","No","External","0","External","P7_Jen_8nt_0211","AAGCAATA","P5_Jen_8nt_0305","AACTAGTC","","","","","0","0","KH150634","","","0","Owner: Kiel, Ben Krause-Kyora; Project: Niedertiefenbach"
"XXX001.A17845.TF1","Cäcilia Freund","2018-02-20 16:10:20","2017-05-30 00:00:00","Ca15_FR_2017-05-30","No","Standard 2016","1240k","C7","Modern Lab/107b (Capture)","","0","","XXX001.A17845","Guido Brandt","2018-01-26 19:26:42","2017-05-30 00:00:00","","No","External","0","External","P7_Jen_8nt_0258","GCTACGTA","P5_Jen_8nt_0345","CTATGGTA","","","","","0","0","KH150633","","","0","Owner: Kiel, Ben Krause-Kyora; Project: Niedertiefenbach"
"XXX001.A17846.TF1","Cäcilia Freund","2018-02-20 16:10:20","2017-05-30 00:00:00","Ca15_FR_2017-05-30","No","Standard 2016","1240k","D7","Modern Lab/107b (Capture)","","0","","XXX001.A17846","Guido Brandt","2018-01-26 19:26:42","2017-05-30 00:00:00","","No","External","0","External","P7_Jen_8nt_0264","GGCCAGTA","P5_Jen_8nt_0332","CCAATGGT","","","","","0","0","KH150626","","","0","Owner: Kiel, Ben Krause-Kyora; Project: Niedertiefenbach"
"XXX001.A17847.TF1","Cäcilia Freund","2018-02-20 16:10:20","2017-05-30 00:00:00","Ca15_FR_2017-05-30","No","Standard 2016","1240k","D7","Modern Lab/107b (Capture)","","0","","XXX001.A17847","Guido Brandt","2018-01-26 19:26:42","2017-05-30 00:00:00","","No","External","0","External","P7_Jen_8nt_0292","TGCGGACT","P5_Kiel_8nt_0146","GCTATGAG","","","","","0","0","KH150637","","","0","Owner: Kiel, Ben Krause-Kyora; Project: Niedertiefenbach"
"XXX001.A17848.TF1","Cäcilia Freund","2018-02-20 16:10:20","2017-05-30 00:00:00","Ca15_FR_2017-05-30","No","Standard 2016","1240k","E7","Modern Lab/107b (Capture)","","0","","XXX001.A17848","Guido Brandt","2018-01-26 19:26:42","2017-05-30 00:00:00","","No","External","0","External","P7_Jen_8nt_0205","AACTCAAG","P5_Jen_8nt_0305","AACTAGTC","","","","","0","0","KH150639","","","0","Owner: Kiel, Ben Krause-Kyora; Project: Niedertiefenbach"
"XXX001.A17849.TF1","Cäcilia Freund","2018-02-20 16:10:20","2017-05-30 00:00:00","Ca15_FR_2017-05-30","No","Standard 2016","1240k","E7","Modern Lab/107b (Capture)","","0","","XXX001.A17849","Guido Brandt","2018-01-26 19:26:42","2017-05-30 00:00:00","","No","External","0","External","P7_Jen_8nt_0241","CTATTCAT","P5_Jen_8nt_0327","CAACTGCA","","","","","0","0","KH150641","","","0","Owner: Kiel, Ben Krause-Kyora; Project: Niedertiefenbach"
"XXX001.A17850.TF1","Cäcilia Freund","2018-02-20 16:10:20","2017-05-30 00:00:00","Ca15_FR_2017-05-30","No","Standard 2016","1240k","F7","Modern Lab/107b (Capture)","","0","","XXX001.A17850","Guido Brandt","2018-01-26 19:26:42","2017-05-30 00:00:00","","No","External","0","External","P7_Jen_8nt_0291","TGCAGCGA","P5_Kiel_8nt_0146","GCTATGAG","","","","","0","0","KH150964","","","0","Owner: Kiel, Ben Krause-Kyora; Project: Niedertiefenbach"
"XXX001.A17851.TF1","Cäcilia Freund","2018-02-20 16:10:20","2017-05-30 00:00:00","Ca15_FR_2017-05-30","No","Standard 2016","1240k","F7","Modern Lab/107b (Capture)","","0","","XXX001.A17851","Guido Brandt","2018-01-26 19:26:42","2017-05-30 00:00:00","","No","External","0","External","P7_Jen_8nt_0274","GTTCAATA","P5_Jen_8nt_0337","CCTGGCCA","","","","","0","0","F14059","","","0","Owner: Kiel, Ben Krause-Kyora; Project: Niedertiefenbach"
"XXX001.A17852.TF1","Cäcilia Freund","2018-02-20 16:10:20","2017-05-30 00:00:00","Ca15_FR_2017-05-30","No","Standard 2016","1240k","G7","Modern Lab/107b (Capture)","","0","","XXX001.A17852","Guido Brandt","2018-01-26 19:26:42","2017-05-30 00:00:00","","No","External","0","External","P7_Jen_8nt_0239","CGTTGCGG","P5_Jen_8nt_0336","CCTGCTCC","","","","","0","0","F14060","","","0","Owner: Kiel, Ben Krause-Kyora; Project: Niedertiefenbach"
"XXX001.A17853.TF1","Cäcilia Freund","2018-02-20 16:10:20","2017-05-30 00:00:00","Ca15_FR_2017-05-30","No","Standard 2016","1240k","G7","Modern Lab/107b (Capture)","","0","","XXX001.A17853","Guido Brandt","2018-01-26 19:26:42","2017-05-30 00:00:00","","No","External","0","External","P7_Jen_8nt_0236","CGGTCCGT","P5_Jen_8nt_0333","CCAGACTC","","","","","0","0","F14061","","","0","Owner: Kiel, Ben Krause-Kyora; Project: Niedertiefenbach"
"XXX001.A17854.TF1","Cäcilia Freund","2018-02-20 16:10:20","2017-05-30 00:00:00","Ca15_FR_2017-05-30","No","Standard 2016","1240k","H7","Modern Lab/107b (Capture)","","0","","XXX001.A17854","Guido Brandt","2018-01-26 19:26:42","2017-05-30 00:00:00","","No","External","0","External","P7_Jen_8nt_0227","CAATAATA","P5_Jen_8nt_0323","ATGGCCTA","","","","","0","0","F14063","","","0","Owner: Kiel, Ben Krause-Kyora; Project: Niedertiefenbach"
"XXX001.A17855.TF1","Cäcilia Freund","2018-02-20 16:10:20","2017-05-30 00:00:00","Ca15_FR_2017-05-30","No","Standard 2016","1240k","H7","Modern Lab/107b (Capture)","","0","","XXX001.A17855","Guido Brandt","2018-01-26 19:26:42","2017-05-30 00:00:00","","No","External","0","External","P7_Jen_8nt_0214","ACGTAGCT","P5_Jen_8nt_0313","AGAAGCAT","","","","","0","0","F14067","","","0","Owner: Kiel, Ben Krause-Kyora; Project: Niedertiefenbach"
"XXX001.A17856.TF1","Cäcilia Freund","2018-02-20 16:10:20","2017-05-30 00:00:00","Ca15_FR_2017-05-30","No","Standard 2016","1240k","A8","Modern Lab/107b (Capture)","","0","","XXX001.A17856","Guido Brandt","2018-01-26 19:26:42","2017-05-30 00:00:00","","No","External","0","External","P7_Jen_8nt_0211","AAGCAATA","P5_Jen_8nt_0310","ACGTCTGG","","","","","0","0","F14068","","","0","Owner: Kiel, Ben Krause-Kyora; Project: Niedertiefenbach"
"XXX001.A17857.TF1","Cäcilia Freund","2018-02-20 16:10:20","2017-05-30 00:00:00","Ca15_FR_2017-05-30","No","Standard 2016","1240k","A8","Modern Lab/107b (Capture)","","0","","XXX001.A17857","Guido Brandt","2018-01-26 19:26:42","2017-05-30 00:00:00","","No","External","0","External","P7_Jen_8nt_0205","AACTCAAG","P5_Jen_8nt_0306","AAGACCAG","","","","","0","0","F14069","","","0","Owner: Kiel, Ben Krause-Kyora; Project: Niedertiefenbach"
"XXX001.A17858.TF1","Cäcilia Freund","2018-02-20 16:10:20","2017-05-30 00:00:00","Ca15_FR_2017-05-30","No","Standard 2016","1240k","B8","Modern Lab/107b (Capture)","","0","","XXX001.A17858","Guido Brandt","2018-01-26 19:26:42","2017-05-30 00:00:00","","No","External","0","External","P7_Jen_8nt_0203","AACGCGCA","P5_Jen_8nt_0304","AACTACCT","","","","","0","0","F14070","","","0","Owner: Kiel, Ben Krause-Kyora; Project: Niedertiefenbach"
"XXX001.A17859.TF1","Cäcilia Freund","2018-02-20 16:10:20","2017-05-30 00:00:00","Ca15_FR_2017-05-30","No","Standard 2016","1240k","B8","Modern Lab/107b (Capture)","","0","","XXX001.A17859","Guido Brandt","2018-01-26 19:26:42","2017-05-30 00:00:00","","No","External","0","External","P7_Jen_8nt_0200","AACGATAG","P5_Jen_8nt_0303","AACGCGCA","","","","","0","0","F14071","","","0","Owner: Kiel, Ben Krause-Kyora; Project: Niedertiefenbach"
"XXX001.A17860.TF1","Cäcilia Freund","2018-02-20 16:10:20","2017-05-30 00:00:00","Ca15_FR_2017-05-30","No","Standard 2016","1240k","C8","Modern Lab/107b (Capture)","","0","","XXX001.A17860","Guido Brandt","2018-01-26 19:26:42","2017-05-30 00:00:00","","No","External","0","External","P7_Jen_8nt_0245","CTGCTGAA","P5_Jen_8nt_0307","AAGACGCT","","","","","0","0","F14075","","","0","Owner: Kiel, Ben Krause-Kyora; Project: Niedertiefenbach"
"XXX001.A17861.TF1","Cäcilia Freund","2018-02-20 16:10:20","2017-05-30 00:00:00","Ca15_FR_2017-05-30","No","Standard 2016","1240k","C8","Modern Lab/107b (Capture)","","0","","XXX001.A17861","Guido Brandt","2018-01-26 19:26:42","2017-05-30 00:00:00","","No","External","0","External","P7_Jen_8nt_0257","GCGACCTG","P5_Jen_8nt_0311","ACTCCTCT","","","","","0","0","F14077","","","0","Owner: Kiel, Ben Krause-Kyora; Project: Niedertiefenbach"
"XXX001.A17862.TF1","Cäcilia Freund","2018-02-20 16:10:20","2017-05-30 00:00:00","Ca15_FR_2017-05-30","No","Standard 2016","1240k","D8","Modern Lab/107b (Capture)","","0","","XXX001.A17862","Guido Brandt","2018-01-26 19:26:42","2017-05-30 00:00:00","","No","External","0","External","P7_Jen_8nt_0275","TACGGTAC","P5_Jen_8nt_0328","CAGACCGA","","","","","0","0","F14081","","","0","Owner: Kiel, Ben Krause-Kyora; Project: Niedertiefenbach"
"XXX001.A17863.TF1","Cäcilia Freund","2018-02-20 16:10:20","2017-05-30 00:00:00","Ca15_FR_2017-05-30","No","Standard 2016","1240k","D8","Modern Lab/107b (Capture)","","0","","XXX001.A17863","Guido Brandt","2018-01-26 19:26:42","2017-05-30 00:00:00","","No","External","0","External","P7_Jen_8nt_0278","TATATTGA","P5_Jen_8nt_0331","CCAAGAGA","","","","","0","0","F14082","","","0","Owner: Kiel, Ben Krause-Kyora; Project: Niedertiefenbach"
"XXX001.A17864.TF1","Cäcilia Freund","2018-02-20 16:10:20","2017-05-30 00:00:00","Ca15_FR_2017-05-30","No","Standard 2016","1240k","E8","Modern Lab/107b (Capture)","","0","","XXX001.A17864","Guido Brandt","2018-01-26 19:26:43","2017-05-30 00:00:00","","No","External","0","External","P7_Jen_8nt_0284","TCCTGAGA","P5_Jen_8nt_0338","CCTTAACC","","","","","0","0","F14084","","","0","Owner: Kiel, Ben Krause-Kyora; Project: Niedertiefenbach"
"XXX001.A17865.TF1","Cäcilia Freund","2018-02-20 16:10:20","2017-05-30 00:00:00","Ca15_FR_2017-05-30","No","Standard 2016","1240k","E8","Modern Lab/107b (Capture)","","0","","XXX001.A17865","Guido Brandt","2018-01-26 19:26:43","2017-05-30 00:00:00","","No","External","0","External","P7_Jen_8nt_0285","TCGCATGC","P5_Jen_8nt_0340","CGCCAACC","","","","","0","0","F14085","","","0","Owner: Kiel, Ben Krause-Kyora; Project: Niedertiefenbach"
"XXX001.A17866.TF1","Cäcilia Freund","2018-02-20 16:10:20","2017-05-30 00:00:00","Ca15_FR_2017-05-30","No","Standard 2016","1240k","F8","Modern Lab/107b (Capture)","","0","","XXX001.A17866","Guido Brandt","2018-01-26 19:26:43","2017-05-30 00:00:00","","No","External","0","External","P7_Jen_8nt_0289","TCTCTCTG","P5_Jen_8nt_0343","CGTTAATT","","","","","0","0","F14086","","","0","Owner: Kiel, Ben Krause-Kyora; Project: Niedertiefenbach"
"XXX001.A17867.TF1","Cäcilia Freund","2018-02-20 16:10:20","2017-05-30 00:00:00","Ca15_FR_2017-05-30","No","Standard 2016","1240k","F8","Modern Lab/107b (Capture)","","0","","XXX001.A17867","Guido Brandt","2018-01-26 19:26:43","2017-05-30 00:00:00","","No","External","0","External","P7_Jen_8nt_0291","TGCAGCGA","P5_Jen_8nt_0347","CTCTAACG","","","","","0","0","F14087","","","0","Owner: Kiel, Ben Krause-Kyora; Project: Niedertiefenbach"
"XXX001.A17868.TF1","Cäcilia Freund","2018-02-20 16:10:20","2017-05-30 00:00:00","Ca15_FR_2017-05-30","No","Standard 2016","1240k","G8","Modern Lab/107b (Capture)","","0","","XXX001.A17868","Guido Brandt","2018-01-26 19:26:43","2017-05-30 00:00:00","","No","External","0","External","P7_Jen_8nt_0295","TTATAACT","P5_Kiel_8nt_0149","CCATGAAG","","","","","0","0","F14088","","","0","Owner: Kiel, Ben Krause-Kyora; Project: Niedertiefenbach"
"XXX001.A17869.TF1","Cäcilia Freund","2018-02-20 16:10:20","2017-05-30 00:00:00","Ca15_FR_2017-05-30","No","Standard 2016","1240k","G8","Modern Lab/107b (Capture)","","0","","XXX001.A17869","Guido Brandt","2018-01-26 19:26:43","2017-05-30 00:00:00","","No","External","0","External","P7_Jen_8nt_0237","CGTAGGCA","P5_Jen_8nt_0326","CAACGCAG","","","","","0","0","F14090","","","0","Owner: Kiel, Ben Krause-Kyora; Project: Niedertiefenbach"
"XXX001.A17870.TF1","Cäcilia Freund","2018-02-20 16:10:20","2017-05-30 00:00:00","Ca15_FR_2017-05-30","No","Standard 2016","1240k","H8","Modern Lab/107b (Capture)","","0","","XXX001.A17870","Guido Brandt","2018-01-26 19:26:43","2017-05-30 00:00:00","","No","External","0","External","P7_Jen_8nt_0232","CCTCCTTG","P5_Jen_8nt_0329","CATCATTA","","","","","0","0","F14091","","","0","Owner: Kiel, Ben Krause-Kyora; Project: Niedertiefenbach"
"XXX001.A17871.TF1","Cäcilia Freund","2018-02-20 16:10:20","2017-05-30 00:00:00","Ca15_FR_2017-05-30","No","Standard 2016","1240k","H8","Modern Lab/107b (Capture)","","0","","XXX001.A17871","Guido Brandt","2018-01-26 19:26:43","2017-05-30 00:00:00","","No","External","0","External","P7_Jen_8nt_0222","ATGACTGC","P5_Jen_8nt_0335","CCTGAGCT","","","","","0","0","KH150191","","","0","Owner: Kiel, Ben Krause-Kyora; Project: Niedertiefenbach"
"XXX001.A17872.TF1","Cäcilia Freund","2018-02-20 16:10:20","2017-05-30 00:00:00","Ca15_FR_2017-05-30","No","Standard 2016","1240k","A9","Modern Lab/107b (Capture)","","0","","XXX001.A17872","Guido Brandt","2018-01-26 19:26:43","2017-05-30 00:00:00","","No","External","0","External","P7_Jen_8nt_0238","CGTTAATG","P5_Jen_8nt_0320","ATGATCTG","","","","","0","0","KH150196","","","0","Owner: Kiel, Ben Krause-Kyora; Project: Niedertiefenbach"
"XXX001.A17873.TF1","Cäcilia Freund","2018-02-20 16:10:20","2017-05-30 00:00:00","Ca15_FR_2017-05-30","No","Standard 2016","1240k","A9","Modern Lab/107b (Capture)","","0","","XXX001.A17873","Guido Brandt","2018-01-26 19:26:43","2017-05-30 00:00:00","","No","External","0","External","P7_Jen_8nt_0235","CGGCATTC","P5_Kiel_8nt_0124","CATCCAAT","","","","","0","0","KH150195","","","0","Owner: Kiel, Ben Krause-Kyora; Project: Niedertiefenbach"
"XXX001.A17874.TF1","Cäcilia Freund","2018-02-20 16:10:20","2017-05-30 00:00:00","Ca15_FR_2017-05-30","No","Standard 2016","1240k","B9","Modern Lab/107b (Capture)","","0","","XXX001.A17874","Guido Brandt","2018-01-26 19:26:43","2017-05-30 00:00:00","","No","External","0","External","P7_Jen_8nt_0229","CCAATACC","P5_Jen_8nt_0329","CATCATTA","","","","","0","0","KH150193","","","0","Owner: Kiel, Ben Krause-Kyora; Project: Niedertiefenbach"
"XXX001.A17875.TF1","Cäcilia Freund","2018-02-20 16:10:20","2017-05-30 00:00:00","Ca15_FR_2017-05-30","No","Standard 2016","1240k","B9","Modern Lab/107b (Capture)","","0","","XXX001.A17875","Guido Brandt","2018-01-26 19:26:43","2017-05-30 00:00:00","","No","External","0","External","P7_Jen_8nt_0215","ACTTAACG","P5_Jen_8nt_0341","CGCGGTCA","","","","","0","0","KH150189","","","0","Owner: Kiel, Ben Krause-Kyora; Project: Niedertiefenbach"
"XXX001.A17876.TF1","Cäcilia Freund","2018-02-20 16:10:20","2017-05-30 00:00:00","Ca15_FR_2017-05-30","No","Standard 2016","1240k","C9","Modern Lab/107b (Capture)","","0","","XXX001.A17876","Guido Brandt","2018-01-26 19:26:43","2017-05-30 00:00:00","","No","External","0","External","P7_Jen_8nt_0220","ATAACCTT","P5_Jen_8nt_0339","CGAACCTT","","","","","0","0","KH150190","","","0","Owner: Kiel, Ben Krause-Kyora; Project: Niedertiefenbach"
"XXX001.A17877.TF1","Cäcilia Freund","2018-02-20 16:10:20","2017-05-30 00:00:00","Ca15_FR_2017-05-30","No","Standard 2016","1240k","C9","Modern Lab/107b (Capture)","","0","","XXX001.A17877","Guido Brandt","2018-01-26 19:26:43","2017-05-30 00:00:00","","No","External","0","External","P7_Jen_8nt_0284","TCCTGAGA","P5_Jen_8nt_0308","ACCAGCGA","","","","","0","0","F12955","","","0","Owner: Kiel, Ben Krause-Kyora; Project: Niedertiefenbach"
"XXX001.A17878.TF1","Cäcilia Freund","2018-02-20 16:10:20","2017-05-30 00:00:00","Ca15_FR_2017-05-30","No","Standard 2016","1240k","D9","Modern Lab/107b (Capture)","","0","","XXX001.A17878","Guido Brandt","2018-01-26 19:26:43","2017-05-30 00:00:00","","No","External","0","External","P7_Jen_8nt_0214","ACGTAGCT","P5_Jen_8nt_0322","ATGGCAGT","","","","","0","0","KH150612","","","0","Owner: Kiel, Ben Krause-Kyora; Project: Niedertiefenbach"
"XXX001.A17879.TF1","Cäcilia Freund","2018-02-20 16:10:20","2017-05-30 00:00:00","Ca15_FR_2017-05-30","No","Standard 2016","1240k","D9","Modern Lab/107b (Capture)","","0","","XXX001.A17879","Guido Brandt","2018-01-26 19:26:43","2017-05-30 00:00:00","","No","External","0","External","P7_Jen_8nt_0258","GCTACGTA","P5_Jen_8nt_0303","AACGCGCA","","","","","0","0","KH150613","","","0","Owner: Kiel, Ben Krause-Kyora; Project: Niedertiefenbach"
"XXX001.A17880.TF1","Cäcilia Freund","2018-02-20 16:10:20","2017-05-30 00:00:00","Ca15_FR_2017-05-30","No","Standard 2016","1240k","E9","Modern Lab/107b (Capture)","","0","","XXX001.A17880","Guido Brandt","2018-01-26 19:26:43","2017-05-30 00:00:00","","No","External","0","External","P7_Jen_8nt_0207","AACTGATA","P5_Jen_8nt_0312","AGAACGAC","","","","","0","0","KH150615","","","0","Owner: Kiel, Ben Krause-Kyora; Project: Niedertiefenbach"
"XXX001.A17881.TF1","Cäcilia Freund","2018-02-20 16:10:20","2017-05-30 00:00:00","Ca15_FR_2017-05-30","No","Standard 2016","1240k","E9","Modern Lab/107b (Capture)","","0","","XXX001.A17881","Guido Brandt","2018-01-26 19:26:43","2017-05-30 00:00:00","","No","External","0","External","P7_Jen_8nt_0209","AAGACCAG","P5_Jen_8nt_0310","ACGTCTGG","","","","","0","0","KH150616","","","0","Owner: Kiel, Ben Krause-Kyora; Project: Niedertiefenbach"
"XXX001.A17882.TF1","Cäcilia Freund","2018-02-20 16:10:20","2017-05-30 00:00:00","Ca15_FR_2017-05-30","No","Standard 2016","1240k","F9","Modern Lab/107b (Capture)","","0","","XXX001.A17882","Guido Brandt","2018-01-26 19:26:43","2017-05-30 00:00:00","","No","External","0","External","P7_Jen_8nt_0221","ATATAGGA","P5_Kiel_8nt_0121","CTTCGCAT","","","","","0","0","KH150617","","","0","Owner: Kiel, Ben Krause-Kyora; Project: Niedertiefenbach"
"XXX001.A17883.TF1","Cäcilia Freund","2018-02-20 16:10:20","2017-05-30 00:00:00","Ca15_FR_2017-05-30","No","Standard 2016","1240k","F9","Modern Lab/107b (Capture)","","0","","XXX001.A17883","Guido Brandt","2018-01-26 19:26:43","2017-05-30 00:00:00","","No","External","0","External","P7_Jen_8nt_0247","CTTGAGTC","P5_Jen_8nt_0323","ATGGCCTA","","","","","0","0","KH150618","","","0","Owner: Kiel, Ben Krause-Kyora; Project: Niedertiefenbach"
"XXX001.A17884.TF1","Cäcilia Freund","2018-02-20 16:10:20","2017-05-30 00:00:00","Ca15_FR_2017-05-30","No","Standard 2016","1240k","G9","Modern Lab/107b (Capture)","","0","","XXX001.A17884","Guido Brandt","2018-01-26 19:26:43","2017-05-30 00:00:00","","No","External","0","External","P7_Jen_8nt_0231","CCGGTTAG","P5_Jen_8nt_0327","CAACTGCA","","","","","0","0","KH150619","","","0","Owner: Kiel, Ben Krause-Kyora; Project: Niedertiefenbach"
"XXX001.A17885.TF1","Cäcilia Freund","2018-02-20 16:10:20","2017-05-30 00:00:00","Ca15_FR_2017-05-30","No","Standard 2016","1240k","G9","Modern Lab/107b (Capture)","","0","","XXX001.A17885","Guido Brandt","2018-01-26 19:26:43","2017-05-30 00:00:00","","No","External","0","External","P7_Jen_8nt_0279","TATCGGCT","P5_Jen_8nt_0326","CAACGCAG","","","","","0","0","KH150621","","","0","Owner: Kiel, Ben Krause-Kyora; Project: Niedertiefenbach"
